_id,_ignored,_index,_score,channel_creation_date,channel_id,channel_name,channel_name.keyword,channel_user_count,user_first_name,user_first_name.keyword,user_id,user_last_name,user_last_name.keyword
pogodki_11,-,baptist_channels,1,"Nov 8, 2022 @ 23:11:54.000","1,618,521,933",11 счастливых погодок ☺️,11 счастливых погодок ☺️,"6,470",Oksanchik,Oksanchik,-,-,-
toryschool,-,baptist_channels,1,"Jan 27, 2025 @ 17:55:33.000","-1,002,304,454,849",Английский для детей,Английский для детей,254,-,-,-,-,-
YAFbKaW3G3ZhM2Qy,-,baptist_channels,1,"Aug 15, 2024 @ 20:17:11.000","2,241,809,562",@Дина Дёмина,@Дина Дёмина,106,Дина,Дина,"5,157,923,265",Дёмина,Дёмина
Annaazzvzvzfw4,-,baptist_channels,1,"Feb 18, 2025 @ 12:50:29.000","2,483,968,711",Анна|Счастливые родители тут,Анна|Счастливые родители тут,3,Анна|Воспитывай с умом,Анна|Воспитывай с умом,"7,813,020,730",-,-
home_made_bread,-,baptist_channels,1,-,-,Домашний хлеб на заказ🥖,Домашний хлеб на заказ🥖,27,Ксения,Ксения,"1,741,958,686",Макаренко,Макаренко
prisyazhnyukfam,-,baptist_channels,1,-,"1,679,624,872",𝓟𝓻𝓲𝓼𝔂𝓪𝔃𝓱𝓷𝔂𝓾𝓴_𝓯𝓪𝓶𝓲𝓵𝔂🕊,𝓟𝓻𝓲𝓼𝔂𝓪𝔃𝓱𝓷𝔂𝓾𝓴_𝓯𝓪𝓶𝓲𝓵𝔂🕊,163,Maria Prisyazhnyuk SW2539024823,Maria Prisyazhnyuk SW2539024823,"780,732,122",🌿,🌿
annaketler891,-,baptist_channels,1,-,-,annaketler,annaketler,103,anna,anna,"1,650,615,490",ketler,ketler
sobirateliXXlveka,-,baptist_channels,1,-,"-1,001,797,943,448",Собиратели Колосьев,Собиратели Колосьев,776,-,-,-,-,-
magadano49koment,-,baptist_channels,1,-,"-1,001,800,690,490",Эстетика севера/Колыма,Эстетика севера/Колыма,4,-,-,-,-,-
Lyrical_nostalgia,-,baptist_channels,1,-,"1,966,038,658",Ностальгия,Ностальгия,61,Алина,Алина,"1,804,912,179",Цыганкова,Цыганкова
my_way_c_c_c,-,baptist_channels,1,-,"2,267,067,715",Мой путь. Стихи,Мой путь. Стихи,140,Сопин,Сопин,"1,661,319,138",Сергей,Сергей
mommypolly5,-,baptist_channels,1,-,"2,013,321,167",Mommy Polly,Mommy Polly,90,Polina,Polina,"1,265,327,444",@mommyPolly,@mommyPolly
learning_as_a_family,-,baptist_channels,1,-,-,Учимся всей семьей📚,Учимся всей семьей📚,449,Ксения,Ксения,"1,741,958,686",Макаренко,Макаренко
Useful_toys_16,-,baptist_channels,1,"Jul 2, 2023 @ 22:49:50.000",-,Useful toys | Игрушки ручной работы | Деревянные игрушки |.,Useful toys | Игрушки ручной работы | Деревянные игрушки |.,828,Саша Фомина,Саша Фомина,"5,261,787,522",-,-
milanasmma2d,-,baptist_channels,1,"Feb 18, 2025 @ 15:00:11.000","2,466,133,409",Милана Продающие Соц. Сети,Милана Продающие Соц. Сети,3,Милана SMM с 0,Милана SMM с 0,"7,549,221,162",-,-
FamilySchoolABC,-,baptist_channels,1,-,-,Семейное обучение,Семейное обучение,54,Kira,Kira,"1,882,097,567",K.,K.
veragoncharovart,-,baptist_channels,1,-,"-1,001,196,962,665",Дневник художника | Vera Goncharova,Дневник художника | Vera Goncharova,419,-,-,-,-,-
kristinabrindq,-,baptist_channels,1,-,"2,293,418,663",Как продвигаться нутрициологу,Как продвигаться нутрициологу,2,Инна Богатый Нутрициолог,Инна Богатый Нутрициолог,"7,550,736,106",-,-
KATYA_CHEKMAREVA,-,baptist_channels,1,-,-,𝓚𝓪𝓽𝓻𝓲𝓷.𝓬𝓱𝓮𝓴,𝓚𝓪𝓽𝓻𝓲𝓷.𝓬𝓱𝓮𝓴,160,𝓚𝓪𝓽𝓮𝓻𝓲𝓷𝓪,𝓚𝓪𝓽𝓮𝓻𝓲𝓷𝓪,"692,246,775",@katrin.chek_,@katrin.chek_
prirodnosad,-,baptist_channels,1,-,"-1,001,519,530,625",Природно 🌾 Сад,Природно 🌾 Сад,23,-,-,-,-,-
lapushka_platya,-,baptist_channels,1,-,"2,488,675,971",🌼Лапушка🌼,🌼Лапушка🌼,73,Юлия,Юлия,"5,177,903,052",Денисенко,Денисенко
lina_boks_22,-,baptist_channels,1,-,-,Подарочные боксы🎁,Подарочные боксы🎁,229,Angelina🌹,Angelina🌹,"1,417,164,278",-,-
Armine0987,-,baptist_channels,1,-,"-1,002,032,164,528",УЮТНЫЕ СТРАНИЦЫ ЖИЗНИ,УЮТНЫЕ СТРАНИЦЫ ЖИЗНИ,295,-,-,-,-,-
EkaisSavina,-,baptist_channels,1,-,"1,831,714,519","""Вечный двигатель""","""Вечный двигатель""",480,Екатерина,Екатерина,"819,882,710",Савина,Савина
kindanne15,-,baptist_channels,1,"Sep 22, 2024 @ 01:26:07.000","-1,002,278,959,366",тепло и уют..тут 💛,тепло и уют..тут 💛,79,-,-,-,-,-
marinrog,-,baptist_channels,1,-,"2,070,362,209",Картинки из жизни,Картинки из жизни,107,Марина Рогачева,Марина Рогачева,"874,326,417",-,-
Violetta21111,-,baptist_channels,1,-,-,Vela🤍,Vela🤍,51,𝒱𝒾ℴ𝓁ℯ𝓉𝓉𝒶 ℋ𝓋𝒶𝓉𝓀ℴ,𝒱𝒾ℴ𝓁ℯ𝓉𝓉𝒶 ℋ𝓋𝒶𝓉𝓀ℴ,"5,073,628,219",-,-
midTOa,-,baptist_channels,1,"Jun 26, 2023 @ 21:20:25.000","-1,001,933,037,630",🎨🖍️❤️С чистого листа❤️🖍️🎨,🎨🖍️❤️С чистого листа❤️🖍️🎨,"1,688",-,-,-,-,-
arktikamilaia,-,baptist_channels,1,-,-,С Черноземья в Арктику,С Черноземья в Арктику,24,Мария ✈️,Мария ✈️,"1,161,314,942",Матюшина,Матюшина
a1D_76A_D60_4Bd_5aF,-,baptist_channels,1,"Jan 28, 2025 @ 15:09:31.000","2,387,951,070",Блог про интерьер,Блог про интерьер,2,Polina,Polina,"8,003,055,155",📷 💻,📷 💻
razvivashkityumen,-,baptist_channels,1,-,"2,250,731,109",Развивающие книжки и игрушки из фетра 📖🧸,Развивающие книжки и игрушки из фетра 📖🧸,36,Марина,Марина,"5,193,436,043",Мошкина,Мошкина
dom_semya_vdohnovenye,-,baptist_channels,1,-,"2,216,126,781","Дом, семья, вдохновение","Дом, семья, вдохновение",330,Viktoria,Viktoria,"35,592,169",Pivneva,Pivneva
katarina_Atomy,-,baptist_channels,1,-,-,Приятное & Полезное,Приятное & Полезное,30,Екатерина,Екатерина,"5,258,496,740",Мартынова,Мартынова
tonkaya_taliaya,-,baptist_channels,1,-,-,Тонкая талия,Тонкая талия,461,Ирина,Ирина,"5,212,412,876",-,-
pokupkitanziizaak,-,baptist_channels,1,-,"2,282,194,211",ЗАКУПКИ КИТАЙ | ОБУЧЕНИЕ,ЗАКУПКИ КИТАЙ | ОБУЧЕНИЕ,110,Танзиля,Танзиля,"488,126,467",-,-
viculovi19,-,baptist_channels,1,-,-,Семейный архив👩‍❤️‍👨🧍‍♂🧍‍♀🧍‍♀,Семейный архив👩‍❤️‍👨🧍‍♂🧍‍♀🧍‍♀,89,Ирина,Ирина,"1,002,151,761",-,-
pa88nazej,-,baptist_channels,1,-,-,Вся прелесть Оливковых листьев!,Вся прелесть Оливковых листьев!,48,Annetta🩷🧑‍⚕️,Annetta🩷🧑‍⚕️,"2,138,892,115",-,-
headscarf000,-,baptist_channels,1,-,"-1,001,938,647,974",| ПЛАТОК | КОСЫНКА | ШАРФИК |,| ПЛАТОК | КОСЫНКА | ШАРФИК |,"2,065",-,-,-,-,-
Dima_live,-,baptist_channels,1,-,"-1,001,390,700,000",Контекст | Dmitry Live,Контекст | Dmitry Live,279,-,-,-,-,-
maryvolkova_ph,-,baptist_channels,1,-,"-1,001,209,336,263",Mariavolkova_ph 🤍,Mariavolkova_ph 🤍,41,-,-,-,-,-
JenjaLiza,-,baptist_channels,1,"Apr 15, 2024 @ 20:39:36.000","2,114,861,601",Kuznetsofffamily🤍,Kuznetsofffamily🤍,"1,410",Елизавета,Елизавета,"6,649,319,261",Кузнецова,Кузнецова
prosto_jizhn,-,baptist_channels,1,-,"-1,002,272,441,914",Просто ЖИЗНЬ,Просто ЖИЗНЬ,185,-,-,-,-,-
semjajulii,-,baptist_channels,1,-,"-1,002,255,876,607",Блог многодетной мамы из Германии 🇩🇪,Блог многодетной мамы из Германии 🇩🇪,62,-,-,-,-,-
Angelvasi,-,baptist_channels,1,-,"2,315,019,369",Вязальная машинка 😄,Вязальная машинка 😄,26,Ангелина Борванова,Ангелина Борванова,"5,971,234,779",-,-
family_SHop3009,-,baptist_channels,1,-,"-1,001,835,692,952",Детская одежда • Доставка по всей России|магазин в Сочи,Детская одежда • Доставка по всей России|магазин в Сочи,105,-,-,-,-,-
ZARAkidsHMari,-,baptist_channels,1,-,"-1,001,533,680,447","Обучение по Китаю, как выйти на WB|Бизнес с Турцией• Киргизией","Обучение по Китаю, как выйти на WB|Бизнес с Турцией• Киргизией",69,-,-,-,-,-
musiceeeyou,-,baptist_channels,1,-,"-1,001,642,363,344",чай с мятой в доме у леса🌲,чай с мятой в доме у леса🌲,"2,802",-,-,-,-,-
NesmiyanoffFamily,-,baptist_channels,1,-,-,Nesmiyanoff Family,Nesmiyanoff Family,171,Natali,Natali,"1,017,361,037",Nesmiyanova,Nesmiyanova
wise_wife_and_mother,-,baptist_channels,1,-,"2,325,998,143",Мудрая жена и мама,Мудрая жена и мама,256,𝕺𝖑𝖌𝖆,𝕺𝖑𝖌𝖆,"7,873,574,088",-,-
mylifeandpoems,-,baptist_channels,1,-,"-1,002,027,392,024",Жизнь такая - какая есть🫧,Жизнь такая - какая есть🫧,334,-,-,-,-,-
esavastina,-,baptist_channels,1,"Dec 7, 2023 @ 17:13:37.000","2,025,206,207",Екатерина Савастина | фотограф,Екатерина Савастина | фотограф,433,Екатерина,Екатерина,"1,311,451,141",Савастина,Савастина
mamskie_radosti,-,baptist_channels,1,-,"-1,002,286,650,971",Простое женское🌺,Простое женское🌺,237,-,-,-,-,-
sherbakovyy,-,baptist_channels,1,-,"2,006,552,164",Sherbakova🤍✨,Sherbakova🤍✨,54,Айнур,Айнур,"708,708,336",Щербакова,Щербакова
parfvpiska,-,baptist_channels,1,-,"2,285,790,019",Парфюмерная вписка,Парфюмерная вписка,114,Маргарита,Маргарита,"412,349,823",-,-
jizni_mnogodentoi_mamy,-,baptist_channels,1,-,"2,460,736,926",Жизнь многодетной мамы 🤎,Жизнь многодетной мамы 🤎,106,Морар,Морар,"500,214,294",Жанна,Жанна
dnevnik_visuala,-,baptist_channels,1,-,"-1,002,075,156,227",Дневник Визуальных Заметок,Дневник Визуальных Заметок,460,-,-,-,-,-
chehov_zefir,-,baptist_channels,1,-,"1,699,666,788",Зефирные букеты Чехов,Зефирные букеты Чехов,95,Мария 🌷,Мария 🌷,"1,200,112,873",Зефирная флористика,Зефирная флористика
pgorshkovaa,-,baptist_channels,1,-,"-1,002,467,227,385",PGORSHKOVA🫐,PGORSHKOVA🫐,"1,111",-,-,-,-,-
Our_Musi_k,-,baptist_channels,1,-,"2,255,832,386",✞ Christian musik ✞,✞ Christian musik ✞,12,Lisa Harmash,Lisa Harmash,"6,195,610,995",-,-
uliapolushina44,-,baptist_channels,1,-,"-1,001,682,531,866",моменты жизни ♡,моменты жизни ♡,"1,242",-,-,-,-,-
logopedmarinakir,-,baptist_channels,1,-,"2,076,795,809",Логопед Марина,Логопед Марина,426,Марина,Марина,"1,224,044,472",Киреенкова,Киреенкова
musikalny1997,-,baptist_channels,1,-,"1,950,513,564",MUSIC 🎵🚘,MUSIC 🎵🚘,43,Katjuha9697,Katjuha9697,"439,378,101",-,-
klavishi_schastya_Tkashenko,-,baptist_channels,1,-,"1,732,726,831",klavishi_schast'ya | Tkashenko,klavishi_schast'ya | Tkashenko,"1,728",Эрика,Эрика,"619,026,803",Ткаченко(Лангина),Ткаченко(Лангина)
vYaZaNieeeeee,-,baptist_channels,1,-,"1,990,711,437",Вязание для детей❤,Вязание для детей❤,69,𝙿𝚘𝚕𝚒𝚗𝚊 Borvanova,𝙿𝚘𝚕𝚒𝚗𝚊 Borvanova,"6,209,588,261",-,-
lr_withlada,-,baptist_channels,1,"Feb 3, 2022 @ 15:29:20.000",-,LR health&beauty 🥑,LR health&beauty 🥑,171,Лада,Лада,"1,197,032,061",-,-
eva22062000,-,baptist_channels,1,-,"1,631,444,265",My little WORLD [♡],My little WORLD [♡],52,Евангелина,Евангелина,"1,830,001,701",Сухорукова,Сухорукова
istoriiliyki,-,baptist_channels,1,-,"1,874,846,654",ⓜ️ⓨ ⓢⓣⓞⓡⓘⓔⓢ ♡,ⓜ️ⓨ ⓢⓣⓞⓡⓘⓔⓢ ♡,153,Лия,Лия,"5,182,840,980",-,-
VsveteHrista,-,baptist_channels,1,-,-,ВСвете💡,ВСвете💡,301,Наталия,Наталия,"5,997,165,907",-,-
wikkyi_2002,-,baptist_channels,1,-,"-1,001,266,052,857",©𝚆𝚒𝚔𝚔𝚒_𝚂𝚝𝚛𝚎𝚕𝚔𝚘𝚟𝚊,©𝚆𝚒𝚔𝚔𝚒_𝚂𝚝𝚛𝚎𝚕𝚔𝚘𝚟𝚊,356,-,-,-,-,-
anka_na_dache,-,baptist_channels,1,-,"-1,001,642,804,790",Anka_na_dache,Anka_na_dache,"2,076",-,-,-,-,-
zarabotok_evelina,-,baptist_channels,1,-,"2,181,238,951",PRO ФРИЛАНС с 0 до 🍋,PRO ФРИЛАНС с 0 до 🍋,85,EVELINA | Куратор | Научу правильно пользоваться телефоном 🤳,EVELINA | Куратор | Научу правильно пользоваться телефоном 🤳,"6,965,629,806",-,-
Momfreelancing,-,baptist_channels,1,-,"-1,002,246,404,825",Дневник мамы на фрилансе.,Дневник мамы на фрилансе.,"1,069",-,-,-,-,-
ntzefirnt,-,baptist_channels,1,-,-,зефирная флористика от Татьяны Нахтигал,зефирная флористика от Татьяны Нахтигал,93,Татьяна,Татьяна,"1,293,727,398",-,-
polushinagalina,-,baptist_channels,1,-,"2,415,546,491",Мой маленький мир🤍,Мой маленький мир🤍,372,Полушина,Полушина,"1,551,639,484",Галина,Галина
grace_deti,-,baptist_channels,1,-,"1,880,512,201",Детские христианские рассказы,Детские христианские рассказы,"3,836",Alina,Alina,"5,246,428,244",-,-
nezhno_prekrasno,-,baptist_channels,1,-,"-1,002,475,895,055","Здесь будет нежно, оставайся...🕊","Здесь будет нежно, оставайся...🕊",280,-,-,-,-,-
d_bordzz,-,baptist_channels,1,-,"-1,002,171,736,175",B O R D Z,B O R D Z,"2,004",-,-,-,-,-
podarokmechti_8,-,baptist_channels,1,-,-,•Make’Box•Подарок твоей мечты👝,•Make’Box•Подарок твоей мечты👝,83,🌸,🌸,"8,050,640,138",-,-
kalachova_pro,-,baptist_channels,1,"Dec 20, 2024 @ 13:24:50.000","-1,002,466,507,298",Ира о жизни и еде🫶🏻,Ира о жизни и еде🫶🏻,277,-,-,-,-,-
pesenkikronmit,-,baptist_channels,1,-,"2,035,812,691",Христианские Детские песенки🌸,Христианские Детские песенки🌸,67,♡Katюшkа Markвart♡,♡Katюшkа Markвart♡,"5,132,914,448",-,-
zzttkm,-,baptist_channels,1,-,"1,325,903,184",n̯оɹʎdɓ | взгляд,n̯оɹʎdɓ | взгляд,561,Мальвина,Мальвина,"453,836,193",-,-
zhenechhkaaa,-,baptist_channels,1,-,"-1,001,616,397,614",zhenechka,zhenechka,"12,539",-,-,-,-,-
Ptashka_Kate,-,baptist_channels,1,-,"-1,002,301,677,774",🕊️Будни мамы. Копим на будущее,🕊️Будни мамы. Копим на будущее,721,-,-,-,-,-
fotochkiotkarinki,-,baptist_channels,1,-,"2,223,774,956",ᴋᴀʀɪɴᴀ’♡,ᴋᴀʀɪɴᴀ’♡,126,𝙠’𝙠𝙖𝙧𝙞𝙣𝙖,𝙠’𝙠𝙖𝙧𝙞𝙣𝙖,"5,295,948,705",-,-
kolenkoolya25,-,baptist_channels,1,-,"-1,002,305,257,057",Капля акцента | Две капли абсента,Капля акцента | Две капли абсента,472,-,-,-,-,-
noviirin_life,-,baptist_channels,1,-,"-1,002,277,007,148",Моё Пространство,Моё Пространство,98,-,-,-,-,-
osoznotnoshenia,-,baptist_channels,1,-,-,Осознанные отношения💖,Осознанные отношения💖,171,Катерина,Катерина,"996,438,851",-,-
mnogomama25prof,-,baptist_channels,1,"Sep 11, 2024 @ 15:11:10.000","-1,002,416,847,253",25 профессий многодетной мамы,25 профессий многодетной мамы,134,-,-,-,-,-
olesyalife08,-,baptist_channels,1,-,"-1,002,409,368,482",𝐌𝐲 𝐥𝐢𝐟𝐞 🍀,𝐌𝐲 𝐥𝐢𝐟𝐞 🍀,292,-,-,-,-,-
happy_vision_of_future,-,baptist_channels,1,"Aug 4, 2022 @ 14:01:11.000","1,584,934,968",Весело смотрим в будущее👨‍👩‍👧‍👧,Весело смотрим в будущее👨‍👩‍👧‍👧,"1,173",Анна,Анна,"474,814,261",Белан,Белан
lWd76ktSwPJjNTBi,-,baptist_channels,1,-,"2,198,681,920",Мария Буракова - к жизни с любовью/свечи/мыло/декор/ вести с деревни,Мария Буракова - к жизни с любовью/свечи/мыло/декор/ вести с деревни,88,Мария @mariyaburakova,Мария @mariyaburakova,"1,099,993,495",-,-
moments_of_life_96,-,baptist_channels,1,-,-,Моменты нашей жизни❤,Моменты нашей жизни❤,30,Светлана,Светлана,"1,967,854,128",Лангеман,Лангеман
pKdJQVq3xlNGRi,-,baptist_channels,1,-,-,Атоми! Южно-корейская косметика и не только,Атоми! Южно-корейская косметика и не только,27,Мария,Мария,"614,737,481",-,-
soziday_dd,-,baptist_channels,1,-,"1,838,404,818",Созидай,Созидай,76,Андрей,Андрей,"223,531,984",-,-
novoselov09,-,baptist_channels,1,-,-,Семейная копилочка 🫧,Семейная копилочка 🫧,88,Nelly 🫧,Nelly 🫧,"471,590,709",-,-
Logoped_Defektolog_16,-,baptist_channels,1,"Oct 10, 2024 @ 09:47:47.000","-1,002,495,585,706",Логопед-Дефектолог | Губернаторова Мария,Логопед-Дефектолог | Губернаторова Мария,131,-,-,-,-,-
well_come_to_me,-,baptist_channels,1,-,-,Katya 🖇️,Katya 🖇️,139,Katya,Katya,"5,175,243,483",-,-
love_logoped,-,baptist_channels,1,-,"-1,002,321,811,551",Логопед-Дефектолог | Губернаторова Мария,Логопед-Дефектолог | Губернаторова Мария,1,-,-,-,-,-
dasha20208,-,baptist_channels,1,-,"-1,002,010,406,205",Маmанджер,Маmанджер,"4,630",-,-,-,-,-
clubchic,-,baptist_channels,1,-,-,✨Тележка с Гусятами🪿🍼✨,✨Тележка с Гусятами🪿🍼✨,295,Щербакова,Щербакова,"1,989,725,222",Альвина,Альвина
Maria151209,-,baptist_channels,1,-,"2,120,778,137",Мелодии 🎶🎵,Мелодии 🎶🎵,124,Маria,Маria,"5,928,398,667",Yashchuk❄️,Yashchuk❄️
NataliaSolIoveva_Ch,-,baptist_channels,1,-,"2,335,564,859",О любви и отношениях,О любви и отношениях,1,Наталья Соловьева | Психолог по отношениям,Наталья Соловьева | Психолог по отношениям,"7,491,565,812",-,-
knitting1999,-,baptist_channels,1,-,"2,317,495,437",♥️Связано с любовью |Ручная работа,♥️Связано с любовью |Ручная работа,117,~Lidiya,~Lidiya,"1,368,998,871",-,-
chebantelegram,-,baptist_channels,1,-,"-1,001,953,041,660","Дмитрий | 💭 Мысли предпринимателя вслух! (Wildberries, OZON, e-com, маркетинг, продажи, SEO, продвижение, реклама и не только)","Дмитрий | 💭 Мысли предпринимателя вслух! (Wildberries, OZON, e-com, маркетинг, продажи, SEO, продвижение, реклама и не только)","2,432",-,-,-,-,-
taniayashina,-,baptist_channels,1,-,"1,923,369,955",Татьяна Яшина 🏠,Татьяна Яшина 🏠,"1,558",Татьяна,Татьяна,"977,434,595",-,-
abubumama,-,baptist_channels,1,-,"-1,001,948,866,157",Абубу,Абубу,"4,158",-,-,-,-,-
jenya_new_life,-,baptist_channels,1,-,"-1,001,453,377,619",Евгения. Радость обыденных вещей,Евгения. Радость обыденных вещей,"1,020",-,-,-,-,-
ksuyha_hvatko,-,baptist_channels,1,-,"1,611,218,414",#Ksyu🤍✨,#Ksyu🤍✨,236,Ксю,Ксю,"1,862,675,753",-,-
Prosto_Nastya_tg,-,baptist_channels,1,-,"2,203,820,848",ПРОСТО НАСТЯ🌿,ПРОСТО НАСТЯ🌿,141,Лозицкая,Лозицкая,"1,767,100,944",Aнастасия,Aнастасия
ugefd,-,baptist_channels,1,-,-,ВероНика - уютный blog маленькой девочки🕊,ВероНика - уютный blog маленькой девочки🕊,945,Дарья,Дарья,"5,654,849,453",Тарасова,Тарасова
ogibina_089,-,baptist_channels,1,-,-,Стихи и не только🥰,Стихи и не только🥰,166,Алевтина,Алевтина,"5,262,237,262",Огибина,Огибина
dessertnazakaz,-,baptist_channels,1,-,-,Десерты на заказ🧁🍰🎂,Десерты на заказ🧁🍰🎂,94,Мария,Мария,"1,210,992,459",-,-
musical_moment_natali,-,baptist_channels,1,-,-,Арт пространство/студия Musical Moment,Арт пространство/студия Musical Moment,97,mrs Harms,mrs Harms,"709,229,890",-,-
pogremuschki,-,baptist_channels,1,-,-,"Игрушки для новорожденных. Держатели, грызунки, погремушки, мобили","Игрушки для новорожденных. Держатели, грызунки, погремушки, мобили",94,Шарфики_Косынки,Шарфики_Косынки,"1,190,387,482",-,-
bloknotKylinara,-,baptist_channels,1,-,"1,615,031,720",Кулинарный блокнот,Кулинарный блокнот,"1,378",Ольга,Ольга,"340,923,532",Нова,Нова
violinistanastasia,-,baptist_channels,1,-,"2,411,932,597",путь к музыке 🎻,путь к музыке 🎻,59,Анастэйша,Анастэйша,"2,052,319,125",-,-
yuliya_kudinyuk,-,baptist_channels,1,-,"1,722,202,284",💗Многодетный Повар🥘,💗Многодетный Повар🥘,268,Юлия Кудынюк,Юлия Кудынюк,"1,124,672,015",3.75333E+11,3.75333E+11
teplo_ruk_2024,-,baptist_channels,1,-,"2,180,445,904",Тепло рук,Тепло рук,21,Настя,Настя,"1,618,235,328",Анисимова,Анисимова
budnimnogomamu,-,baptist_channels,1,-,"-1,002,335,481,279",🌷Дела житейские многодетной мамы,🌷Дела житейские многодетной мамы,384,-,-,-,-,-
krislifechannel,-,baptist_channels,1,-,"-1,001,964,655,565","Дорогая Кристина❤️‍🔥| Блог о любви, семье и жизни.","Дорогая Кристина❤️‍🔥| Блог о любви, семье и жизни.",916,-,-,-,-,-
olya_kapitanovaa,-,baptist_channels,1,-,"-1,002,469,303,205",Счастье в каждом шаге 🤍,Счастье в каждом шаге 🤍,442,-,-,-,-,-
mommybarhut,-,baptist_channels,1,-,"2,294,030,021",🌸VICTORIA /stile di vita/BEAUTY🌸,🌸VICTORIA /stile di vita/BEAUTY🌸,311,Viktoria♥️,Viktoria♥️,"5,538,883,988",-,-
verapediatr8,-,baptist_channels,1,"Mar 11, 2022 @ 13:24:00.000","-1,001,581,804,686",Verapediatr,Verapediatr,"2,648",-,-,-,-,-
Doktor_Tesakova1,-,baptist_channels,1,-,"-1,001,978,313,211",Доктор_Тесакова,Доктор_Тесакова,"1,399",-,-,-,-,-
senyarannyayaptashka,-,baptist_channels,1,-,"-1,002,340,590,138",Мама четырех 🦋,Мама четырех 🦋,353,-,-,-,-,-
gdesoskamam,-,baptist_channels,1,-,"-1,002,459,613,795","Где соска, мам?","Где соска, мам?",14,-,-,-,-,-
FAZENDA_16,-,baptist_channels,1,-,"-1,002,194,658,554",ФАЗЕНДА 🌷🏡,ФАЗЕНДА 🌷🏡,164,-,-,-,-,-
soultalkVslyh,-,baptist_channels,1,-,"2,398,949,695",О ВАЖНОМ просто,О ВАЖНОМ просто,380,Ольга,Ольга,"1,063,851,820",Степанова,Степанова
dolininapsy,-,baptist_channels,1,-,"2,052,446,411",Радости родительства| От 2 до 7 |,Радости родительства| От 2 до 7 |,322,Анна Долинина |,Анна Долинина |,"361,130,541",Детский психолог,Детский психолог
conversationwithgod13,-,baptist_channels,1,-,"2,411,633,375",👉 Программа для общения с Богом,👉 Программа для общения с Богом,5,Батюшка Андрей,Батюшка Андрей,"7,870,644,105",| Напиши Богу,| Напиши Богу
kalashnikovadepil,-,baptist_channels,1,-,"1,795,635,210",Анастасия Калашникова,Анастасия Калашникова,161,Анастасия,Анастасия,"993,161,553",Калашникова,Калашникова
elenahomee,-,baptist_channels,1,"Sep 24, 2023 @ 02:12:50.000",-,СЧАСТЬЕ В МЕЛОЧАХ💞,СЧАСТЬЕ В МЕЛОЧАХ💞,"1,324",Елена,Елена,"1,718,954,210",Пикалёва,Пикалёва
VdekreteLi,-,baptist_channels,1,-,-,"В декрете? Не, не слышала😶","В декрете? Не, не слышала😶",67,Елизавета,Елизавета,"6,958,996,935",Степаненко,Степаненко
zhivem_druzhno,-,baptist_channels,1,-,-,Живём дружно💖,Живём дружно💖,123,Светлана,Светлана,"1,257,273,403",Махнюк,Махнюк
lovemuzofon,-,baptist_channels,1,-,"2,406,607,759",Христианские песни и музыка,Христианские песни и музыка,35,Ангелка,Ангелка,"1,012,362,291",-,-
crafts_for_kids_ru,-,baptist_channels,1,-,"-1,002,193,189,858",Мастерская малышей,Мастерская малышей,"8,537",-,-,-,-,-
kanalmamUlya,-,baptist_channels,1,-,-,🌸МамУля🌸,🌸МамУля🌸,400,💙Ульяна Штефан,💙Ульяна Штефан,"949,826,722",-,-
kristinabudak,-,baptist_channels,1,"Mar 4, 2022 @ 21:31:43.000",-,Шью для детей КристинаБудак,Шью для детей КристинаБудак,"2,102",Будак Кристина мама 9 детей,Будак Кристина мама 9 детей,"771,738,063",-,-
chtenie_s_yvlecheniem,-,baptist_channels,1,-,"2,163,398,052",Чтение с увлечением,Чтение с увлечением,272,Ольга Киняева,Ольга Киняева,"1,180,470,740",Чтение с увлечением,Чтение с увлечением
knitting_for_kid,-,baptist_channels,1,-,-,Я Наталья. Вяжу. Пеку. Многодетная мама 6 деток♥️,Я Наталья. Вяжу. Пеку. Многодетная мама 6 деток♥️,971,"Наталья, мама 6 детей. Вяжу на заказ","Наталья, мама 6 детей. Вяжу на заказ","371,076,965",Много мама.6 детей ♥️♥️♥️4 сына и 2 дочки,Много мама.6 детей ♥️♥️♥️4 сына и 2 дочки
foodforyouG,-,baptist_channels,1,"Oct 3, 2024 @ 17:54:13.000",-,УГОЛОК ВКУСА🫕,УГОЛОК ВКУСА🫕,92,Елена,Елена,"1,718,954,210",Пикалёва,Пикалёва
dartebe,-,baptist_channels,1,"Apr 3, 2024 @ 16:15:11.000",-,ГАРДЕРОБНАЯ 🛍,ГАРДЕРОБНАЯ 🛍,317,Елена,Елена,"1,718,954,210",Пикалёва,Пикалёва
dimgrad911,-,baptist_channels,1,-,"1,370,093,363",911,911,149,тимофей савин,тимофей савин,"916,873,570",-,-
hm_kids32,-,baptist_channels,1,-,-,Детская одежда HM C&A ZARA,Детская одежда HM C&A ZARA,308,Alena,Alena,"1,963,981,724",-,-
Detskie_veshchichki,-,baptist_channels,1,-,"1,854,928,781","Детская одежда H&M, C&A","Детская одежда H&M, C&A",681,Инна,Инна,"549,776,474",-,-
minimykids,-,baptist_channels,1,-,-,МиниМы - детская одежда со смыслом,МиниМы - детская одежда со смыслом,60,Надежда 💚,Надежда 💚,"1,486,166,307",-,-
jjjdvdjbfkldsg,-,baptist_channels,1,-,-,"💥Бантики, заколочки💥","💥Бантики, заколочки💥",103,Лия,Лия,"7,411,956,630",-,-
nik_dina_ul,-,baptist_channels,1,-,"1,450,813,699",Happy life🐾🤍,Happy life🐾🤍,784,Дина,Дина,"320,611,522",Ульянова,Ульянова
istoriidoterra,-,baptist_channels,1,-,"1,209,572,050",Правдивые истории о продукции Дотерра,Правдивые истории о продукции Дотерра,"1,353",Анастасия,Анастасия,"1,595,133,044",М.,М.
Mnogodetnay_2024,-,baptist_channels,1,-,"-1,002,235,343,272",Многодетная жизнь🍎,Многодетная жизнь🍎,487,-,-,-,-,-
kostrovapolina,-,baptist_channels,1,-,-,⛰️Семья Костровых🔥,⛰️Семья Костровых🔥,348,Полина,Полина,"1,652,321,222",Кострова,Кострова
innayudintseva,-,baptist_channels,1,"Jul 4, 2024 @ 09:09:38.000","-1,002,188,081,938",Инна Юдинцева | канал,Инна Юдинцева | канал,"1,532",-,-,-,-,-
kristinabrindqfafaf,-,baptist_channels,1,-,"2,389,026,084",Как продвигаться нутрициологу,Как продвигаться нутрициологу,4,Инна Богатый Нутрициолог,Инна Богатый Нутрициолог,"7,931,620,748",-,-
Prostomariya2af,-,baptist_channels,1,-,"2,433,322,001",Прививаю привычку думать о себе,Прививаю привычку думать о себе,4,Мария | Наедине с собой,Мария | Наедине с собой,"7,436,458,709",-,-
maindecision,-,baptist_channels,1,-,-,Главное Решение | Main Decision,Главное Решение | Main Decision,"2,986",Yudintseva Ella,Yudintseva Ella,"1,925,568,054",-,-
art_by_kulikova,-,baptist_channels,1,-,"2,195,018,317",Marinovoe_art l портреты I иллюстрации 🎨,Marinovoe_art l портреты I иллюстрации 🎨,701,Марина. Рисую портреты🎨,Марина. Рисую портреты🎨,"1,304,674,734",-,-
byzoyarhipova,-,baptist_channels,1,-,"2,465,787,383",Портной Зоя🪡🧵ШЬЮ ТРИКОТАЖНЫЕ КОСТЮМЫ,Портной Зоя🪡🧵ШЬЮ ТРИКОТАЖНЫЕ КОСТЮМЫ,2,Зоя 🪡Шью трикотаж,Зоя 🪡Шью трикотаж,"1,326,179,646",-,-
lashinfamily,-,baptist_channels,1,-,"2,245,725,206",❤,❤,12,Александра,Александра,"1,016,050,801",-,-
odezdasvoimirukami,-,baptist_channels,1,-,"2,012,796,784",Я шью,Я шью,15,INGA,INGA,"719,080,845",-,-
budnimnogobetnoifemili,-,baptist_channels,1,-,-,💚7я Цейзер💚,💚7я Цейзер💚,268,tanja_cejzer,tanja_cejzer,"1,068,980,234",-,-
semyaprokopovich,-,baptist_channels,1,-,"-1,002,061,942,877",Семья Прокопович,Семья Прокопович,"1,331",-,-,-,-,-
vsevmesteD,-,baptist_channels,1,-,"2,381,089,882",Всё/е вместе 😁🤗😂,Всё/е вместе 😁🤗😂,10,🪷💡🪔💥Я,🪷💡🪔💥Я,"1,481,343,953",-,-
child_s_dream,-,baptist_channels,1,-,-,Вязаные игрушки,Вязаные игрушки,331,Настя,Настя,"1,121,125,140",-,-
IrinaMomentsOfLife,-,baptist_channels,1,-,"2,464,931,361",Moments of life,Moments of life,131,Irina,Irina,"1,312,294,258",Belova,Belova
obzor_wb_ozon_aesthetics,-,baptist_channels,1,-,"1,769,961,266",mom_life,mom_life,51,Мария,Мария,"1,454,316,285",Андреевна,Андреевна
colorfulldaays,-,baptist_channels,1,-,"2,225,597,735",Разноцветные будни,Разноцветные будни,68,Любовь,Любовь,"5,445,118,555",Беляева,Беляева
tatiana35441,-,baptist_channels,1,-,"1,827,514,381",Atomy с Семьёй Щепкиных😊,Atomy с Семьёй Щепкиных😊,222,Татьяна Владимировна,Татьяна Владимировна,"1,376,431,275",Щепкина,Щепкина
anne_atomy,-,baptist_channels,1,-,"2,082,229,593",ЗДОРОВЬЕ и КРАСОТА ♡,ЗДОРОВЬЕ и КРАСОТА ♡,228,Анна,Анна,"1,587,592,856",Антонова,Антонова
svehiAa,-,baptist_channels,1,-,"2,266,613,596",Реалистичные свечи из натурального воска,Реалистичные свечи из натурального воска,110,𝒜𝓃𝓃𝒶,𝒜𝓃𝓃𝒶,"6,178,304,377",-,-
TATVyacheslavovna,-,baptist_channels,1,-,-,Zakharova_Tatyana*,Zakharova_Tatyana*,106,Дочь Вячеслава®,Дочь Вячеслава®,"974,441,912",-,-
detskiishkavchik,-,baptist_channels,1,-,-,Детский шкафчик,Детский шкафчик,161,Майя,Майя,"525,235,391",-,-
liechka_ch,-,baptist_channels,1,-,-,_liya_ch,_liya_ch,476,Лия,Лия,"788,259,527",-,-
mylife20152021,-,baptist_channels,1,-,"-1,001,982,455,430",❤️ Жизнь в моменте❤️,❤️ Жизнь в моменте❤️,148,-,-,-,-,-
NG2025Irina,-,baptist_channels,1,-,"2,199,201,068",Новогодний текстиль🎁 или Вафельно-Фатиновый Новый год🎄🎄🎄,Новогодний текстиль🎁 или Вафельно-Фатиновый Новый год🎄🎄🎄,60,Ирина,Ирина,"2,064,567,814",Вибе,Вибе
katerina_verbitskaia,-,baptist_channels,1,-,"1,369,478,133",Обрывки мыслей📝 Ekaterina Verbitskaia,Обрывки мыслей📝 Ekaterina Verbitskaia,"1,719",Katerina,Katerina,"534,175,004",Verbitskaia,Verbitskaia
my_life_94,-,baptist_channels,1,"Jan 14, 2022 @ 17:08:35.000",-,My life❤️,My life❤️,"1,013",Анюта,Анюта,"1,498,119,682",-,-
tatyanaOr6568,-,baptist_channels,1,-,"2,065,245,722",My diary👒📚📒🖊💚,My diary👒📚📒🖊💚,103,Т@ня_ _ _🌿,Т@ня_ _ _🌿,"2,088,499,656",-,-
Spark_Otkritki,-,baptist_channels,1,-,-,𝒮𝓅𝒶𝓇𝓀 христианские открытки,𝒮𝓅𝒶𝓇𝓀 христианские открытки,"1,243",𝓛𝔂𝓾𝓫𝓸𝓿 𝓚𝓸𝓿𝓪𝓵𝓮𝓷𝓴𝓸,𝓛𝔂𝓾𝓫𝓸𝓿 𝓚𝓸𝓿𝓪𝓵𝓮𝓷𝓴𝓸,"43,110,737",-,-
ann13091983,-,baptist_channels,1,-,"2,447,617,882",Путь к счастью,Путь к счастью,66,Anna,Anna,"6,517,641,226",-,-
kushnirPSY,-,baptist_channels,1,-,"-1,001,985,212,987",Юлия Кушнир || Подростковый психолог,Юлия Кушнир || Подростковый психолог,255,-,-,-,-,-
anastasiaalabugina,-,baptist_channels,1,"Mar 11, 2022 @ 18:33:20.000","-1,001,580,771,399","Не родила, но МАМА💞","Не родила, но МАМА💞",812,-,-,-,-,-
mamaetoKRAsivo,-,baptist_channels,1,"Jul 11, 2024 @ 01:19:05.000","-1,002,185,385,135",Многодетная мама💕: секреты счастья и красоты,Многодетная мама💕: секреты счастья и красоты,845,-,-,-,-,-
house_rabbit,-,baptist_channels,1,-,-,House_rabbit,House_rabbit,153,Ирина,Ирина,"821,680,139",-,-
liza_kurnatova,-,baptist_channels,1,-,"1,607,050,941",Вдохновлённая Богом жизнь🌿☘️,Вдохновлённая Богом жизнь🌿☘️,162,Лиза|,Лиза|,"898,881,106",БИОЗАВИВКА ВОЛОС ❤,БИОЗАВИВКА ВОЛОС ❤
anetaaaslife,-,baptist_channels,1,-,"2,269,375,757",Aneta's life in city🤍,Aneta's life in city🤍,77,.,.,"1,942,847,944",-,-
christianlifemam,-,baptist_channels,1,"Feb 15, 2025 @ 11:03:37.000","2,493,117,583",Жизнь мамы христианки✨,Жизнь мамы христианки✨,70,Репетитор сольфеджио |,Репетитор сольфеджио |,"1,303,878,717",Ольга,Ольга
Thisisthejoyoflife,-,baptist_channels,1,-,"2,452,587,219",Радость жизни,Радость жизни,200,Татьяна,Татьяна,"833,365,862",Конкина(Молодцова),Конкина(Молодцова)
sche_katyuha,-,baptist_channels,1,"Mar 12, 2022 @ 14:53:43.000",-,"""Жили-были📜✒️📸!)""","""Жили-были📜✒️📸!)""",664,"Екатерина ""Жили-были📜✒️📸""!)","Екатерина ""Жили-были📜✒️📸""!)","1,349,399,006",-,-
live_life_kaif,-,baptist_channels,1,-,"2,172,478,139",Жила-была одна девочка.,Жила-была одна девочка.,8,Наталья Александровна!,Наталья Александровна!,"5,633,625,341",-,-
christianka_Alina,-,baptist_channels,1,-,"2,166,154,130",Жизнь в небольшом городке,Жизнь в небольшом городке,10,🐈 Алина 🐈,🐈 Алина 🐈,"2,129,926,436",-,-
detskie_pesni_chr,-,baptist_channels,1,"Sep 15, 2023 @ 18:20:34.000",-,Детскими устами,Детскими устами,"1,019",Анюта,Анюта,"1,498,119,682",-,-
mamaAnnaaaaa,-,baptist_channels,1,-,-,🎀дневничок молодой мамы🎀,🎀дневничок молодой мамы🎀,78,Анютка,Анютка,"1,284,673,070",-,-
rozdenserdcem,-,baptist_channels,1,-,"-1,002,044,137,044",Рожденный сердцем❤️,Рожденный сердцем❤️,"2,184",-,-,-,-,-
derevenskiyebudni,-,baptist_channels,1,-,"-1,002,066,899,698",Жизнь в деревне 🤗🤗,Жизнь в деревне 🤗🤗,30,-,-,-,-,-
anastasiacheskidova,-,baptist_channels,1,-,"1,223,790,796",Nastenьka's diary...,Nastenьka's diary...,69,𝐴𝑛𝑎𝑠𝑡𝑎𝑠𝑖𝑎,𝐴𝑛𝑎𝑠𝑡𝑎𝑠𝑖𝑎,"584,319,020",𝐶ℎ𝑒𝑠𝑘𝑖𝑑𝑜𝑣𝑎,𝐶ℎ𝑒𝑠𝑘𝑖𝑑𝑜𝑣𝑎
damirAbdr99,-,baptist_channels,1,-,"1,446,821,307",Жизнь прекрасна,Жизнь прекрасна,198,Дамира,Дамира,"663,630,123",Абдрафикова,Абдрафикова
anna_maimash18,-,baptist_channels,1,-,"1,991,130,147",Anita Maimash🖇️,Anita Maimash🖇️,175,Anya Maimash,Anya Maimash,"5,291,004,064",-,-
MatyshkaCasket33,-,baptist_channels,1,-,"-1,002,224,489,393",Матушкина шкатулка 🪷,Матушкина шкатулка 🪷,110,-,-,-,-,-
pivo_devki,-,baptist_channels,1,-,-,Блюзы снежного кота,Блюзы снежного кота,46,Николай,Николай,"7,136,480,899",Алексеевич,Алексеевич
Imyatvoevserdcemoem,-,baptist_channels,1,-,-,Имя Твоё в сердце моём,Имя Твоё в сердце моём,963,Ekaterina,Ekaterina,"774,352,870",Silchenko,Silchenko
VeraGamm1993,-,baptist_channels,1,"Dec 21, 2024 @ 12:31:35.000","2,417,802,369",Вера и жизнь☘️,Вера и жизнь☘️,204,Вера,Вера,"5,134,110,717",Гамм,Гамм
malvinaTut,-,baptist_channels,1,-,"1,591,259,695",Чтение с Угощением 📚🎂🤗,Чтение с Угощением 📚🎂🤗,299,М****а,М****а,"933,472,252",-,-
nm_sibiria,-,baptist_channels,1,-,"1,705,131,022","Настя Макаревич 🔅Травница, Арт-Коуч","Настя Макаревич 🔅Травница, Арт-Коуч",113,Настя Макаревич,Настя Макаревич,"1,644,270,420",О травах и психологии,О травах и психологии
budnipravoslavnojmami,-,baptist_channels,1,-,-,Будни православной мамы,Будни православной мамы,98,Alina,Alina,"723,212,906",-,-
mnogodetstvo_love,-,baptist_channels,1,-,"-1,002,069,406,939",Многодетство ❤️,Многодетство ❤️,"1,052",-,-,-,-,-
kolockiymonastyr,-,baptist_channels,1,-,"-1,002,073,283,944",Колоцкий монастырь,Колоцкий монастырь,"1,848",-,-,-,-,-
mari_sush,-,baptist_channels,1,-,"-1,001,515,617,705",Деревенские зарисовки,Деревенские зарисовки,288,-,-,-,-,-
zhizn_v_glubinke,-,baptist_channels,1,-,"-1,001,838,440,652",Жизнь в глубинке,Жизнь в глубинке,615,-,-,-,-,-
razumova_margarita,-,baptist_channels,1,-,"-1,001,641,105,383","Пиши, Рита 💌","Пиши, Рита 💌",463,-,-,-,-,-
anastasiyafefelova_rasstanovki,-,baptist_channels,1,-,"2,273,800,066",Анастасия|Психолог-расстановщик,Анастасия|Психолог-расстановщик,74,Анастасия|Расстановки в квантовом поле|Ченнелинг|Энергопрактики,Анастасия|Расстановки в квантовом поле|Ченнелинг|Энергопрактики,"1,385,797,723",Фефелова,Фефелова
UdcnBqGPyMszMTQy,-,baptist_channels,1,"May 11, 2024 @ 11:25:50.000","2,015,116,643",Вдохновение в тишине🌸 Дневник Елены Фефеловой,Вдохновение в тишине🌸 Дневник Елены Фефеловой,97,Елена,Елена,"5,227,786,176",Фефелова,Фефелова
kanalmoegnezdo,-,baptist_channels,1,-,"1,656,684,823",Мое гнездо_Ворожцовы,Мое гнездо_Ворожцовы,102,Наташа,Наташа,"831,488,411",Ворожцова,Ворожцова
sdzfc1,-,baptist_channels,1,-,"2,179,124,443",Вова мэнчик 👍👍👍,Вова мэнчик 👍👍👍,5,Захарова,Захарова,"5,784,854,444",Таня,Таня
zxcvbnmqwert123456,-,baptist_channels,1,-,"2,259,186,770",Товары с ВБ ❤️🤗👋,Товары с ВБ ❤️🤗👋,19,Юлия Иванова,Юлия Иванова,"6,896,634,709",-,-
nnnaaasssttttiiiiaa,-,baptist_channels,1,-,"2,214,043,890",👑ⓝⓐⓢⓣⓨⓐ👑,👑ⓝⓐⓢⓣⓨⓐ👑,72,настюха💓,настюха💓,"7,441,630,554",-,-
janetripsenglish,-,baptist_channels,1,-,"1,691,844,205",Janetrips' English,Janetrips' English,234,Zhanna👩🏻‍💻🇬🇧,Zhanna👩🏻‍💻🇬🇧,"1,066,923,500",-,-
momGalina,-,baptist_channels,1,"Jul 11, 2024 @ 07:25:02.000","-1,002,196,669,398",В гостях у Галиночки,В гостях у Галиночки,64,-,-,-,-,-
vmeste06,-,baptist_channels,1,-,"-1,002,111,732,564",Вместе с нами 💗,Вместе с нами 💗,53,-,-,-,-,-
christian_family_notes,-,baptist_channels,1,-,"2,488,706,261",Семейные Заметки📝,Семейные Заметки📝,143,Ирина,Ирина,"1,051,335,090",Домбровская,Домбровская
SLOVO_GIZNI,-,baptist_channels,1,"Jul 8, 2023 @ 22:24:58.000","-1,001,949,875,177",Мысли о Небесном,Мысли о Небесном,354,-,-,-,-,-
tinavalentlife,-,baptist_channels,1,-,-,Tina Valent🌿,Tina Valent🌿,76,Валентина,Валентина,"781,104,478",-,-
TINA_VALENT_decor,-,baptist_channels,1,-,-,TINA VALENT decor,TINA VALENT decor,44,Валентина,Валентина,"781,104,478",-,-
zdrastenastyaya,-,baptist_channels,1,-,"1,867,909,528","Здрасьте, я Настя! 👟","Здрасьте, я Настя! 👟",135,Настя,Настя,"373,383,973",Leningradka,Leningradka
khachaturovaPRO,-,baptist_channels,1,-,"1,862,487,487",мамаPRO,мамаPRO,208,Darya,Darya,"521,068,225",Khachaturova,Khachaturova
denisoffka,-,baptist_channels,1,-,-,Denisoffka,Denisoffka,88,Juliya,Juliya,"699,811,523",Denisova,Denisova
coachunfiltered,-,baptist_channels,1,-,"2,249,775,152",КОУЧ без фильтров,КОУЧ без фильтров,23,Zarina,Zarina,"298,925,688",Akabirova,Akabirova
prosto_mamaSpB,-,baptist_channels,1,"Mar 21, 2023 @ 00:35:25.000","-1,001,948,682,649",ПростоМама♥️,ПростоМама♥️,"2,233",-,-,-,-,-
Guivanfamily,-,baptist_channels,1,-,"2,203,167,316",Счастливы вместе 🤍,Счастливы вместе 🤍,89,Anastasia,Anastasia,"903,002,182",-,-
Stas_I_Marsel,-,baptist_channels,1,-,"2,337,204,638",Стас и Марсик,Стас и Марсик,15,𝚂𝚃𝙰𝚂,𝚂𝚃𝙰𝚂,"7,666,283,752",-,-
withlove4kids,-,baptist_channels,1,"Feb 4, 2025 @ 06:35:42.000","-1,002,252,759,306",С любовью к детям | Христианское воспитание,С любовью к детям | Христианское воспитание,120,-,-,-,-,-
mamavoronchat,-,baptist_channels,1,"Aug 23, 2023 @ 18:36:29.000","-1,001,605,175,650",Дарья🤍MамаVoronchat,Дарья🤍MамаVoronchat,188,-,-,-,-,-
belokoniki,-,baptist_channels,1,"Mar 20, 2022 @ 00:34:44.000","-1,001,166,078,928",Белоконики,Белоконики,19,-,-,-,-,-
listokstore,-,baptist_channels,1,-,"-1,001,149,184,893",LISTOK,LISTOK,"1,718",-,-,-,-,-
galinatherealme,-,baptist_channels,1,-,"2,221,752,959",Галина «Настоящая я» |блог,Галина «Настоящая я» |блог,32,Галина,Галина,"1,614,226,009",Сиражудинова,Сиражудинова
melody_for_your_heart,-,baptist_channels,1,-,"1,669,776,692",🎙Christian Music🎙,🎙Christian Music🎙,"1,827",Shevchik,Shevchik,"1,756,452,134",-,-
ATMOSPHERE_of_Love1,-,baptist_channels,1,-,"2,245,910,136",АТМОСФЕРА ЛЮБВИ,АТМОСФЕРА ЛЮБВИ,251,Алина,Алина,"845,458,229",Кутлугильдина,Кутлугильдина
margo_maria,-,baptist_channels,1,"Mar 5, 2022 @ 13:46:26.000",-,Margo__Maria,Margo__Maria,380,Юлия,Юлия,"1,238,294,298",Марценюк,Марценюк
barynki,-,baptist_channels,1,"Aug 5, 2023 @ 22:52:36.000","1,852,880,870",Барыыынины,Барыыынины,81,Настя Барынина,Настя Барынина,"1,974,581,207",-,-
pilipchukfamily,-,baptist_channels,1,"Nov 16, 2022 @ 22:51:20.000","1,861,764,621",Островок любви🏡,Островок любви🏡,51,Daria,Daria,"1,984,494,540",-,-
pandasan_vse_iz_bambuka2,-,baptist_channels,1,"Aug 8, 2019 @ 00:17:34.000",-,Сувениры из бамбука,Сувениры из бамбука,61,Александр,Александр,"514,290,707",-,-
lyublyusladosti,-,baptist_channels,1,-,"2,185,921,351",Сладости из Германии🇩🇪,Сладости из Германии🇩🇪,17,Нелли,Нелли,"1,620,902,847",-,-
youheaven_tg37,-,baptist_channels,1,-,"1,775,411,792",youheaven,youheaven,33,Даша,Даша,"1,088,505,589",Корчевская,Корчевская
milks_power,-,baptist_channels,1,-,"2,364,117,343",Milk’s Power | секреты успешной лактации,Milk’s Power | секреты успешной лактации,41,Катерина,Катерина,"746,321,999",Процышина,Процышина
kvdariya,-,baptist_channels,1,-,"2,017,845,899",Дашулькина 🖤,Дашулькина 🖤,37,Dariya,Dariya,"639,933,839",-,-
myplantsandme,-,baptist_channels,1,"Dec 5, 2024 @ 20:53:16.000","2,347,753,364",My plants & me,My plants & me,566,Алена,Алена,"534,747,576",Яровая,Яровая
Life_of_green_plants,-,baptist_channels,1,-,-,КОМНАТНЫЕ ЦВЕТЫ в Краснодаре 🪴,КОМНАТНЫЕ ЦВЕТЫ в Краснодаре 🪴,284,Ира,Ира,"1,155,996,156",-,-
mgnovenie_candle,-,baptist_channels,1,-,"2,020,427,427",Mgnovenie.krd,Mgnovenie.krd,14,Настя,Настя,"1,330,242,250",-,-
angelinavmomente,-,baptist_channels,1,-,"2,022,798,180",✨Моменты ✨,✨Моменты ✨,18,✨ Angel ✨,✨ Angel ✨,"1,151,489,832",-,-
evpatoriaflora,-,baptist_channels,1,-,"2,194,235,269",Евпатория цветы🌸,Евпатория цветы🌸,-,Вероника,Вероника,"1,995,308,408",💞,💞
theworldofeauty,-,baptist_channels,1,-,-,~мир красоты~,~мир красоты~,23,Арина,Арина,"729,399,493",-,-
za_chashkoy_chays,-,baptist_channels,1,-,"1,847,807,396",за чашкой чая,за чашкой чая,47,Марина,Марина,"391,200,485",-,-
YunayaDa,-,baptist_channels,1,-,-,ВсегдаЮНая,ВсегдаЮНая,120,Daria,Daria,"1,152,505,910",Yun,Yun
focus_na_sebya_by_olya,-,baptist_channels,1,-,-,Фокус на себя | Оля Оплачкина,Фокус на себя | Оля Оплачкина,34,Ольга,Ольга,"467,462,577",Оплачкина,Оплачкина
vitallyushaa,-,baptist_channels,1,-,"2,486,795,800",VITALLYUSHA,VITALLYUSHA,30,vitallyusha,vitallyusha,"1,174,125,976",-,-
minikids6,-,baptist_channels,1,-,"-1,002,400,725,384",💓Мамины радости💓блог о детском счастье 🍭,💓Мамины радости💓блог о детском счастье 🍭,638,-,-,-,-,-
Freude11,-,baptist_channels,1,-,-,Радуйся всегда!🌿,Радуйся всегда!🌿,399,Мета,Мета,"5,156,711,235",Ш.,Ш.
kraiRu,-,baptist_channels,1,-,"-1,001,634,238,469",Эстетика || Колыма || Уникальность 🏕🏂🏔❄☃️🤍🐕🐻🐇,Эстетика || Колыма || Уникальность 🏕🏂🏔❄☃️🤍🐕🐻🐇,289,-,-,-,-,-
alenga83,-,baptist_channels,1,-,"-1,002,117,007,895",ДОМ НА КОЛЁСАХ 🚍 Mercedes-Benz 308D,ДОМ НА КОЛЁСАХ 🚍 Mercedes-Benz 308D,352,-,-,-,-,-
mashuta_notyserdca,-,baptist_channels,1,-,-,Машута 🤍 Ноты Сердца,Машута 🤍 Ноты Сердца,62,Машута 🍃,Машута 🍃,"654,443,392",-,-
CVTsnadezhdoy,-,baptist_channels,1,-,"2,417,820,853",ПОЙ С НАДЕЖДОЙ🎙,ПОЙ С НАДЕЖДОЙ🎙,161,Надежда,Надежда,"2,146,210,626",Жильцова🎙,Жильцова🎙
eduardnastya,-,baptist_channels,1,-,"2,099,698,059",Канал Барило Эдуарда,Канал Барило Эдуарда,41,Эдуард,Эдуард,"5,210,462,570",Барило,Барило
nendosai,-,baptist_channels,1,-,"1,581,428,597",Мелодия саечки,Мелодия саечки,125,nendosai,nendosai,"1,647,560,090",-,-
zamiravlog,-,baptist_channels,1,"Sep 28, 2023 @ 02:37:33.000","1,896,599,653",ZAMIRA 🪩 мomentov more,ZAMIRA 🪩 мomentov more,110,Замира,Замира,"990,258,789",Расулова,Расулова
cryptobelochka,-,baptist_channels,1,-,"1,724,235,730",CryptoBelka 🐿,CryptoBelka 🐿,345,Anton 3:16,Anton 3:16,"274,307,580",Nikitin,Nikitin
nedvizhsKatey,-,baptist_channels,1,-,"2,482,637,639",Недвижка с Катей,Недвижка с Катей,2,Katy,Katy,"872,626,468",-,-
budnigalusi,-,baptist_channels,1,-,"2,192,980,228",✨Будни Галюси✨,✨Будни Галюси✨,26,Галюся,Галюся,"871,938,045",-,-
dobroservicekrd,-,baptist_channels,1,"Aug 11, 2024 @ 15:25:25.000","2,225,827,540",DOBRO SERVICE 🖥️,DOBRO SERVICE 🖥️,195,Пашич,Пашич,"1,773,415,752",-,-
makamaroni,-,baptist_channels,1,-,"2,221,314,971",макароны с кириллом,макароны с кириллом,23,Кирил с двумя л,Кирил с двумя л,"821,139,020",-,-
darsiktattoo,-,baptist_channels,1,"Feb 21, 2025 @ 15:09:33.000",-,darsiktattoo,darsiktattoo,25,Kromberger,Kromberger,"636,059,488",-,-
kokcinelo,-,baptist_channels,1,-,"2,261,252,798",Kokcinelo,Kokcinelo,620,Adelina,Adelina,"837,551,323",-,-
tarellnikova,-,baptist_channels,1,-,"1,989,428,978",Живу свою лучшую жизнь🤍,Живу свою лучшую жизнь🤍,109,Валерия,Валерия,"1,172,738,244",Тарельникова,Тарельникова
daria_eremina_show_woman,-,baptist_channels,1,-,"1,741,141,947","Денис и Даша Еремины |праздники: свадьбы, юбилеи, дни рождения","Денис и Даша Еремины |праздники: свадьбы, юбилеи, дни рождения",204,Дарья,Дарья,"1,184,390,724",Еремина,Еремина
vachuvashova,-,baptist_channels,1,-,"1,491,591,029",Сестра Варвара,Сестра Варвара,144,Варя,Варя,"476,597,323",-,-
shabanovy,-,baptist_channels,1,-,"1,913,619,191",Шабановы 💕,Шабановы 💕,83,Анна,Анна,"519,674,592",Шабанова,Шабанова
teatr03032017,-,baptist_channels,1,-,-,Театр за кулисами🎭🎙,Театр за кулисами🎭🎙,216,Елена,Елена,"1,685,261,317",Кривонос,Кривонос
